統計項目,資料期(民國年),統計值(美元),計量單位(美元),統計值(新台幣),計量單位(新台幣)
外銷訂單金額,07301,2627,百萬美元,1056,新臺幣億元
外銷訂單金額,07302,2321,百萬美元,933,新臺幣億元
外銷訂單金額,07303,2821,百萬美元,1129,新臺幣億元
外銷訂單金額,07304,2797,百萬美元,1112,新臺幣億元
外銷訂單金額,07305,2879,百萬美元,1142,新臺幣億元
外銷訂單金額,07306,2759,百萬美元,1098,新臺幣億元
外銷訂單金額,07307,2776,百萬美元,1094,新臺幣億元
外銷訂單金額,07308,2741,百萬美元,1070,新臺幣億元
外銷訂單金額,07309,2507,百萬美元,980,新臺幣億元
外銷訂單金額,07310,2568,百萬美元,1006,新臺幣億元
外銷訂單金額,07311,2534,百萬美元,997,新臺幣億元
外銷訂單金額,07312,2446,百萬美元,965,新臺幣億元
外銷訂單金額,07401,2599,百萬美元,1020,新臺幣億元
外銷訂單金額,07402,2279,百萬美元,893,新臺幣億元
外銷訂單金額,07403,2841,百萬美元,1122,新臺幣億元
外銷訂單金額,07404,2630,百萬美元,1044,新臺幣億元
外銷訂單金額,07405,2780,百萬美元,1100,新臺幣億元
外銷訂單金額,07406,2551,百萬美元,1016,新臺幣億元
外銷訂單金額,07407,2596,百萬美元,1041,新臺幣億元
外銷訂單金額,07408,2650,百萬美元,1072,新臺幣億元
外銷訂單金額,07409,2524,百萬美元,1020,新臺幣億元
外銷訂單金額,07410,2776,百萬美元,1115,新臺幣億元
外銷訂單金額,07411,2683,百萬美元,1071,新臺幣億元
外銷訂單金額,07412,2828,百萬美元,1127,新臺幣億元
外銷訂單金額,07501,3120,百萬美元,1235,新臺幣億元
外銷訂單金額,07502,2487,百萬美元,975,新臺幣億元
外銷訂單金額,07503,3288,百萬美元,1282,新臺幣億元
外銷訂單金額,07504,3226,百萬美元,1246,新臺幣億元
外銷訂單金額,07505,3477,百萬美元,1334,新臺幣億元
外銷訂單金額,07506,3336,百萬美元,1271,新臺幣億元
外銷訂單金額,07507,3521,百萬美元,1341,新臺幣億元
外銷訂單金額,07508,3589,百萬美元,1340,新臺幣億元
外銷訂單金額,07509,3448,百萬美元,1270,新臺幣億元
外銷訂單金額,07510,3915,百萬美元,1433,新臺幣億元
外銷訂單金額,07511,3872,百萬美元,1408,新臺幣億元
外銷訂單金額,07512,3863,百萬美元,1389,新臺幣億元
外銷訂單金額,07601,3799,百萬美元,1339,新臺幣億元
外銷訂單金額,07602,3769,百萬美元,1319,新臺幣億元
外銷訂單金額,07603,4286,百萬美元,1484,新臺幣億元
外銷訂單金額,07604,4650,百萬美元,1539,新臺幣億元
外銷訂單金額,07605,4495,百萬美元,1451,新臺幣億元
外銷訂單金額,07606,4665,百萬美元,1453,新臺幣億元
外銷訂單金額,07607,4644,百萬美元,1443,新臺幣億元
外銷訂單金額,07608,4530,百萬美元,1344,新臺幣億元
外銷訂單金額,07609,4720,百萬美元,1421,新臺幣億元
外銷訂單金額,07610,4680,百萬美元,1403,新臺幣億元
外銷訂單金額,07611,4684,百萬美元,1393,新臺幣億元
外銷訂單金額,07612,4819,百萬美元,1393,新臺幣億元
外銷訂單金額,07701,4624,百萬美元,1322,新臺幣億元
外銷訂單金額,07702,4309,百萬美元,1233,新臺幣億元
外銷訂單金額,07703,5174,百萬美元,1482,新臺幣億元
外銷訂單金額,07704,5275,百萬美元,1511,新臺幣億元
外銷訂單金額,07705,5165,百萬美元,1478,新臺幣億元
外銷訂單金額,07706,5090,百萬美元,1460,新臺幣億元
外銷訂單金額,07707,5064,百萬美元,1453,新臺幣億元
外銷訂單金額,07708,5036,百萬美元,1443,新臺幣億元
外銷訂單金額,07709,4952,百萬美元,1429,新臺幣億元
外銷訂單金額,07710,5366,百萬美元,1547,新臺幣億元
外銷訂單金額,07711,5238,百萬美元,1473,新臺幣億元
外銷訂單金額,07712,5476,百萬美元,1542,新臺幣億元
外銷訂單金額,07801,5429,百萬美元,1507,新臺幣億元
外銷訂單金額,07802,4658,百萬美元,1288,新臺幣億元
外銷訂單金額,07803,6260,百萬美元,1723,新臺幣億元
外銷訂單金額,07804,5820,百萬美元,1569,新臺幣億元
外銷訂單金額,07805,5744,百萬美元,1483,新臺幣億元
外銷訂單金額,07806,5685,百萬美元,1480,新臺幣億元
外銷訂單金額,07807,5609,百萬美元,1448,新臺幣億元
外銷訂單金額,07808,5294,百萬美元,1360,新臺幣億元
外銷訂單金額,07809,5458,百萬美元,1404,新臺幣億元
外銷訂單金額,07810,5131,百萬美元,1321,新臺幣億元
外銷訂單金額,07811,5476,百萬美元,1425,新臺幣億元
外銷訂單金額,07812,5207,百萬美元,1361,新臺幣億元
外銷訂單金額,07901,4910,百萬美元,1281,新臺幣億元
外銷訂單金額,07902,5038,百萬美元,1316,新臺幣億元
外銷訂單金額,07903,5932,百萬美元,1563,新臺幣億元
外銷訂單金額,07904,5851,百萬美元,1543,新臺幣億元
外銷訂單金額,07905,5997,百萬美元,1618,新臺幣億元
外銷訂單金額,07906,5556,百萬美元,1522,新臺幣億元
外銷訂單金額,07907,5798,百萬美元,1575,新臺幣億元
外銷訂單金額,07908,5580,百萬美元,1523,新臺幣億元
外銷訂單金額,07909,5577,百萬美元,1523,新臺幣億元
外銷訂單金額,07910,5979,百萬美元,1632,新臺幣億元
外銷訂單金額,07911,5935,百萬美元,1617,新臺幣億元
外銷訂單金額,07912,5551,百萬美元,1507,新臺幣億元
外銷訂單金額,08001,5807,百萬美元,1578,新臺幣億元
外銷訂單金額,08002,5393,百萬美元,1462,新臺幣億元
外銷訂單金額,08003,6415,百萬美元,1750,新臺幣億元
外銷訂單金額,08004,6256,百萬美元,1710,新臺幣億元
外銷訂單金額,08005,6540,百萬美元,1784,新臺幣億元
外銷訂單金額,08006,6360,百萬美元,1728,新臺幣億元
外銷訂單金額,08007,6324,百萬美元,1707,新臺幣億元
外銷訂單金額,08008,6394,百萬美元,1709,新臺幣億元
外銷訂單金額,08009,6315,百萬美元,1678,新臺幣億元
外銷訂單金額,08010,6336,百萬美元,1673,新臺幣億元
外銷訂單金額,08011,6434,百萬美元,1671,新臺幣億元
外銷訂單金額,08012,6379,百萬美元,1643,新臺幣億元
外銷訂單金額,08101,6438,百萬美元,1620,新臺幣億元
外銷訂單金額,08102,5451,百萬美元,1365,新臺幣億元
外銷訂單金額,08103,6795,百萬美元,1726,新臺幣億元
外銷訂單金額,08104,7188,百萬美元,1819,新臺幣億元
外銷訂單金額,08105,6936,百萬美元,1735,新臺幣億元
外銷訂單金額,08106,6771,百萬美元,1677,新臺幣億元
外銷訂單金額,08107,6802,百萬美元,1685,新臺幣億元
外銷訂單金額,08108,6625,百萬美元,1664,新臺幣億元
外銷訂單金額,08109,6784,百萬美元,1711,新臺幣億元
外銷訂單金額,08110,7147,百萬美元,1806,新臺幣億元
外銷訂單金額,08111,7046,百萬美元,1792,新臺幣億元
外銷訂單金額,08112,6935,百萬美元,1765,新臺幣億元
外銷訂單金額,08201,6107,百萬美元,1554,新臺幣億元
外銷訂單金額,08202,6943,百萬美元,1795,新臺幣億元
外銷訂單金額,08203,7650,百萬美元,1992,新臺幣億元
外銷訂單金額,08204,7156,百萬美元,1860,新臺幣億元
外銷訂單金額,08205,7463,百萬美元,1939,新臺幣億元
外銷訂單金額,08206,6991,百萬美元,1836,新臺幣億元
外銷訂單金額,08207,7140,百萬美元,1904,新臺幣億元
外銷訂單金額,08208,7268,百萬美元,1959,新臺幣億元
外銷訂單金額,08209,6993,百萬美元,1883,新臺幣億元
外銷訂單金額,08210,7418,百萬美元,1993,新臺幣億元
外銷訂單金額,08211,7265,百萬美元,1953,新臺幣億元
外銷訂單金額,08212,7490,百萬美元,2005,新臺幣億元
外銷訂單金額,08301,7094,百萬美元,1878,新臺幣億元
外銷訂單金額,08302,6382,百萬美元,1688,新臺幣億元
外銷訂單金額,08303,7814,百萬美元,2063,新臺幣億元
外銷訂單金額,08304,7802,百萬美元,2059,新臺幣億元
外銷訂單金額,08305,7764,百萬美元,2081,新臺幣億元
外銷訂單金額,08306,7747,百萬美元,2093,新臺幣億元
外銷訂單金額,08307,7802,百萬美元,2079,新臺幣億元
外銷訂單金額,08308,7698,百萬美元,2033,新臺幣億元
外銷訂單金額,08309,8433,百萬美元,2210,新臺幣億元
外銷訂單金額,08310,8412,百萬美元,2198,新臺幣億元
外銷訂單金額,08311,8606,百萬美元,2254,新臺幣億元
外銷訂單金額,08312,9034,百萬美元,2382,新臺幣億元
外銷訂單金額,08401,7965,百萬美元,2095,新臺幣億元
外銷訂單金額,08402,7616,百萬美元,2005,新臺幣億元
外銷訂單金額,08403,9915,百萬美元,2587,新臺幣億元
外銷訂單金額,08404,9248,百萬美元,2350,新臺幣億元
外銷訂單金額,08405,9962,百萬美元,2544,新臺幣億元
外銷訂單金額,08406,8991,百萬美元,2317,新臺幣億元
外銷訂單金額,08407,9601,百萬美元,2520,新臺幣億元
外銷訂單金額,08408,10093,百萬美元,2748,新臺幣億元
外銷訂單金額,08409,9816,百萬美元,2691,新臺幣億元
外銷訂單金額,08410,9866,百萬美元,2656,新臺幣億元
外銷訂單金額,08411,10460,百萬美元,2851,新臺幣億元
外銷訂單金額,08412,10018,百萬美元,2735,新臺幣億元
外銷訂單金額,08501,9675,百萬美元,2652,新臺幣億元
外銷訂單金額,08502,8847,百萬美元,2431,新臺幣億元
外銷訂單金額,08503,9919,百萬美元,2719,新臺幣億元
外銷訂單金額,08504,9904,百萬美元,2691,新臺幣億元
外銷訂單金額,08505,10019,百萬美元,2738,新臺幣億元
外銷訂單金額,08506,9771,百萬美元,2703,新臺幣億元
外銷訂單金額,08507,9772,百萬美元,2693,新臺幣億元
外銷訂單金額,08508,10094,百萬美元,2775,新臺幣億元
外銷訂單金額,08509,10513,百萬美元,2890,新臺幣億元
外銷訂單金額,08510,10301,百萬美元,2834,新臺幣億元
外銷訂單金額,08511,10028,百萬美元,2757,新臺幣億元
外銷訂單金額,08512,10113,百萬美元,2781,新臺幣億元
外銷訂單金額,08601,9872,百萬美元,2710,新臺幣億元
外銷訂單金額,08602,8696,百萬美元,2395,新臺幣億元
外銷訂單金額,08603,10472,百萬美元,2883,新臺幣億元
外銷訂單金額,08604,10491,百萬美元,2897,新臺幣億元
外銷訂單金額,08605,10444,百萬美元,2900,新臺幣億元
外銷訂單金額,08606,10359,百萬美元,2888,新臺幣億元
外銷訂單金額,08607,10470,百萬美元,2929,新臺幣億元
外銷訂單金額,08608,10200,百萬美元,2928,新臺幣億元
外銷訂單金額,08609,10896,百萬美元,3117,新臺幣億元
外銷訂單金額,08610,11019,百萬美元,3240,新臺幣億元
外銷訂單金額,08611,10299,百萬美元,3257,新臺幣億元
外銷訂單金額,08612,10582,百萬美元,3422,新臺幣億元
外銷訂單金額,08701,8460,百萬美元,2864,新臺幣億元
外銷訂單金額,08702,9621,百萬美元,3155,新臺幣億元
外銷訂單金額,08703,10186,百萬美元,3308,新臺幣億元
外銷訂單金額,08704,10011,百萬美元,3301,新臺幣億元
外銷訂單金額,08705,10042,百萬美元,3361,新臺幣億元
外銷訂單金額,08706,10118,百萬美元,3485,新臺幣億元
外銷訂單金額,08707,9924,百萬美元,3410,新臺幣億元
外銷訂單金額,08708,9978,百萬美元,3461,新臺幣億元
外銷訂單金額,08709,10376,百萬美元,3587,新臺幣億元
外銷訂單金額,08710,10380,百萬美元,3428,新臺幣億元
外銷訂單金額,08711,9749,百萬美元,3170,新臺幣億元
外銷訂單金額,08712,9992,百萬美元,3227,新臺幣億元
外銷訂單金額,08801,9806,百萬美元,3162,新臺幣億元
外銷訂單金額,08802,8659,百萬美元,2819,新臺幣億元
外銷訂單金額,08803,10553,百萬美元,3494,新臺幣億元
外銷訂單金額,08804,10558,百萬美元,3473,新臺幣億元
外銷訂單金額,08805,10355,百萬美元,3392,新臺幣億元
外銷訂單金額,08806,10502,百萬美元,3411,新臺幣億元
外銷訂單金額,08807,10895,百萬美元,3516,新臺幣億元
外銷訂單金額,08808,10951,百萬美元,3504,新臺幣億元
外銷訂單金額,08809,10739,百萬美元,3415,新臺幣億元
外銷訂單金額,08810,11747,百萬美元,3732,新臺幣億元
外銷訂單金額,08811,11564,百萬美元,3670,新臺幣億元
外銷訂單金額,08812,11140,百萬美元,3522,新臺幣億元
外銷訂單金額,08901,10873,百萬美元,3349,新臺幣億元
外銷訂單金額,08902,9831,百萬美元,3020,新臺幣億元
外銷訂單金額,08903,12645,百萬美元,3882,新臺幣億元
外銷訂單金額,08904,12409,百萬美元,3784,新臺幣億元
外銷訂單金額,08905,13363,百萬美元,4108,新臺幣億元
外銷訂單金額,08906,13928,百萬美元,4291,新臺幣億元
外銷訂單金額,08907,12983,百萬美元,4017,新臺幣億元
外銷訂單金額,08908,13699,百萬美元,4258,新臺幣億元
外銷訂單金額,08909,14323,百萬美元,4468,新臺幣億元
外銷訂單金額,08910,13663,百萬美元,4349,新臺幣億元
外銷訂單金額,08911,13269,百萬美元,4302,新臺幣億元
外銷訂單金額,08912,12446,百萬美元,4118,新臺幣億元
外銷訂單金額,09001,10368,百萬美元,3389,新臺幣億元
外銷訂單金額,09002,10706,百萬美元,3460,新臺幣億元
外銷訂單金額,09003,12503,百萬美元,4074,新臺幣億元
外銷訂單金額,09004,11587,百萬美元,3814,新臺幣億元
外銷訂單金額,09005,11498,百萬美元,3823,新臺幣億元
外銷訂單金額,09006,11153,百萬美元,3822,新臺幣億元
外銷訂單金額,09007,10804,百萬美元,3758,新臺幣億元
外銷訂單金額,09008,11410,百萬美元,3949,新臺幣億元
外銷訂單金額,09009,10482,百萬美元,3625,新臺幣億元
外銷訂單金額,09010,11978,百萬美元,4138,新臺幣億元
外銷訂單金額,09011,11787,百萬美元,4066,新臺幣億元
外銷訂單金額,09012,11438,百萬美元,3968,新臺幣億元
外銷訂單金額,09101,11322,百萬美元,3965,新臺幣億元
外銷訂單金額,09102,10159,百萬美元,3562,新臺幣億元
外銷訂單金額,09103,12713,百萬美元,4452,新臺幣億元
外銷訂單金額,09104,12913,百萬美元,4508,新臺幣億元
外銷訂單金額,09105,13139,百萬美元,4527,新臺幣億元
外銷訂單金額,09106,12381,百萬美元,4208,新臺幣億元
外銷訂單金額,09107,12628,百萬美元,4218,新臺幣億元
外銷訂單金額,09108,12995,百萬美元,4416,新臺幣億元
外銷訂單金額,09109,12787,百萬美元,4423,新臺幣億元
外銷訂單金額,09110,13455,百萬美元,4703,新臺幣億元
外銷訂單金額,09111,13416,百萬美元,4657,新臺幣億元
外銷訂單金額,09112,13041,百萬美元,4545,新臺幣億元
外銷訂單金額,09201,13016,百萬美元,4505,新臺幣億元
外銷訂單金額,09202,11164,百萬美元,3884,新臺幣億元
外銷訂單金額,09203,13489,百萬美元,4684,新臺幣億元
外銷訂單金額,09204,13503,百萬美元,4702,新臺幣億元
外銷訂單金額,09205,13708,百萬美元,4759,新臺幣億元
外銷訂單金額,09206,13826,百萬美元,4787,新臺幣億元
外銷訂單金額,09207,14500,百萬美元,4990,新臺幣億元
外銷訂單金額,09208,14385,百萬美元,4939,新臺幣億元
外銷訂單金額,09209,15400,百萬美元,5235,新臺幣億元
外銷訂單金額,09210,16137,百萬美元,5470,新臺幣億元
外銷訂單金額,09211,15181,百萬美元,5169,新臺幣億元
外銷訂單金額,09212,15715,百萬美元,5352,新臺幣億元
外銷訂單金額,09301,13934,百萬美元,4694,新臺幣億元
外銷訂單金額,09302,15037,百萬美元,4996,新臺幣億元
外銷訂單金額,09303,17239,百萬美元,5742,新臺幣億元
外銷訂單金額,09304,18032,百萬美元,5952,新臺幣億元
外銷訂單金額,09305,17251,百萬美元,5780,新臺幣億元
外銷訂單金額,09306,17702,百萬美元,5956,新臺幣億元
外銷訂單金額,09307,18537,百萬美元,6282,新臺幣億元
外銷訂單金額,09308,18061,百萬美元,6162,新臺幣億元
外銷訂單金額,09309,19495,百萬美元,6613,新臺幣億元
外銷訂單金額,09310,20245,百萬美元,6844,新臺幣億元
外銷訂單金額,09311,19752,百萬美元,6474,新臺幣億元
外銷訂單金額,09312,19797,百萬美元,6380,新臺幣億元
外銷訂單金額,09401,18422,百萬美元,5884,新臺幣億元
外銷訂單金額,09402,16192,百萬美元,5103,新臺幣億元
外銷訂單金額,09403,20900,百萬美元,6513,新臺幣億元
外銷訂單金額,09404,20813,百萬美元,6561,新臺幣億元
外銷訂單金額,09405,19520,百萬美元,6111,新臺幣億元
外銷訂單金額,09406,20658,百萬美元,6481,新臺幣億元
外銷訂單金額,09407,20154,百萬美元,6433,新臺幣億元
外銷訂單金額,09408,22152,百萬美元,7113,新臺幣億元
外銷訂單金額,09409,23779,百萬美元,7829,新臺幣億元
外銷訂單金額,09410,24612,百萬美元,8243,新臺幣億元
外銷訂單金額,09411,24607,百萬美元,8263,新臺幣億元
外銷訂單金額,09412,24590,百萬美元,8188,新臺幣億元
外銷訂單金額,09501,22108,百萬美元,7098,新臺幣億元
外銷訂單金額,09502,20262,百萬美元,6559,新臺幣億元
外銷訂單金額,09503,24939,百萬美元,8102,新臺幣億元
外銷訂單金額,09504,24680,百萬美元,7974,新臺幣億元
外銷訂單金額,09505,24599,百萬美元,7813,新臺幣億元
外銷訂單金額,09506,24915,百萬美元,8092,新臺幣億元
外銷訂單金額,09507,24068,百萬美元,7854,新臺幣億元
外銷訂單金額,09508,26212,百萬美元,8595,新臺幣億元
外銷訂單金額,09509,26630,百萬美元,8763,新臺幣億元
外銷訂單金額,09510,27293,百萬美元,9063,新臺幣億元
外銷訂單金額,09511,27216,百萬美元,8933,新臺幣億元
外銷訂單金額,09512,26388,百萬美元,8582,新臺幣億元
外銷訂單金額,09601,25925,百萬美元,8495,新臺幣億元
外銷訂單金額,09602,21918,百萬美元,7226,新臺幣億元
外銷訂單金額,09603,28032,百萬美元,9254,新臺幣億元
外銷訂單金額,09604,27462,百萬美元,9102,新臺幣億元
外銷訂單金額,09605,27528,百萬美元,9156,新臺幣億元
外銷訂單金額,09606,28698,百萬美元,9451,新臺幣億元
外銷訂單金額,09607,29723,百萬美元,9746,新臺幣億元
外銷訂單金額,09608,30488,百萬美元,10046,新臺幣億元
外銷訂單金額,09609,30919,百萬美元,10198,新臺幣億元
外銷訂單金額,09610,32200,百萬美元,10482,新臺幣億元
外銷訂單金額,09611,31892,百萬美元,10312,新臺幣億元
外銷訂單金額,09612,31023,百萬美元,10057,新臺幣億元
外銷訂單金額,09701,30306,百萬美元,9809,新臺幣億元
外銷訂單金額,09702,25880,百萬美元,8182,新臺幣億元
外銷訂單金額,09703,31617,百萬美元,9676,新臺幣億元
外銷訂單金額,09704,31769,百萬美元,9642,新臺幣億元
外銷訂單金額,09705,31511,百萬美元,9643,新臺幣億元
外銷訂單金額,09706,31362,百萬美元,9523,新臺幣億元
外銷訂單金額,09707,31365,百萬美元,9537,新臺幣億元
外銷訂單金額,09708,32130,百萬美元,10022,新臺幣億元
外銷訂單金額,09709,31791,百萬美元,10159,新臺幣億元
外銷訂單金額,09710,30413,百萬美元,9942,新臺幣億元
外銷訂單金額,09711,22800,百萬美元,7550,新臺幣億元
外銷訂單金額,09712,20785,百萬美元,6890,新臺幣億元
外銷訂單金額,09801,17675,百萬美元,5891,新臺幣億元
外銷訂單金額,09802,20116,百萬美元,6895,新臺幣億元
外銷訂單金額,09803,23935,百萬美元,8219,新臺幣億元
外銷訂單金額,09804,25125,百萬美元,8466,新臺幣億元
外銷訂單金額,09805,25166,百萬美元,8281,新臺幣億元
外銷訂單金額,09806,27936,百萬美元,9161,新臺幣億元
外銷訂單金額,09807,28614,百萬美元,9420,新臺幣億元
外銷訂單金額,09808,28286,百萬美元,9302,新臺幣億元
外銷訂單金額,09809,30837,百萬美元,10049,新臺幣億元
外銷訂單金額,09810,31755,百萬美元,10266,新臺幣億元
外銷訂單金額,09811,31259,百萬美元,10108,新臺幣億元
外銷訂單金額,09812,31726,百萬美元,10241,新臺幣億元
外銷訂單金額,09901,30371,百萬美元,9687,新臺幣億元
外銷訂單金額,09902,27406,百萬美元,8796,新臺幣億元
外銷訂單金額,09903,34387,百萬美元,10962,新臺幣億元
外銷訂單金額,09904,33959,百萬美元,10704,新臺幣億元
外銷訂單金額,09905,33729,百萬美元,10780,新臺幣億元
外銷訂單金額,09906,34222,百萬美元,11056,新臺幣億元
外銷訂單金額,09907,33830,百萬美元,10884,新臺幣億元
外銷訂單金額,09908,34878,百萬美元,11143,新臺幣億元
外銷訂單金額,09909,35979,百萬美元,11433,新臺幣億元
外銷訂單金額,09910,35647,百萬美元,11036,新臺幣億元
外銷訂單金額,09911,35740,百萬美元,10974,新臺幣億元
外銷訂單金額,09912,36567,百萬美元,11171,新臺幣億元
外銷訂單金額,10001,34458,百萬美元,10204,新臺幣億元
外銷訂單金額,10002,28872,百萬美元,8487,新臺幣億元
外銷訂單金額,10003,38986,百萬美元,11512,新臺幣億元
外銷訂單金額,10004,37406,百萬美元,10851,新臺幣億元
外銷訂單金額,10005,37616,百萬美元,10839,新臺幣億元
外銷訂單金額,10006,37362,百萬美元,10787,新臺幣億元
外銷訂單金額,10007,37587,百萬美元,10847,新臺幣億元
外銷訂單金額,10008,36716,百萬美元,10647,新臺幣億元
外銷訂單金額,10009,36958,百萬美元,10993,新臺幣億元
外銷訂單金額,10010,37205,百萬美元,11265,新臺幣億元
外銷訂單金額,10011,36651,百萬美元,11084,新臺幣億元
外銷訂單金額,10012,36304,百萬美元,10990,新臺幣億元
外銷訂單金額,10101,31485,百萬美元,9465,新臺幣億元
外銷訂單金額,10102,33953,百萬美元,10037,新臺幣億元
外銷訂單金額,10103,38370,百萬美元,11337,新臺幣億元
外銷訂單金額,10104,36089,百萬美元,10648,新臺幣億元
外銷訂單金額,10105,36474,百萬美元,10768,新臺幣億元
外銷訂單金額,10106,36382,百萬美元,10896,新臺幣億元
外銷訂單金額,10107,35937,百萬美元,10784,新臺幣億元
外銷訂單金額,10108,36153,百萬美元,10842,新臺幣億元
外銷訂單金額,10109,37662,百萬美元,11151,新臺幣億元
外銷訂單金額,10110,38380,百萬美元,11259,新臺幣億元
外銷訂單金額,10111,40726,百萬美元,11886,新臺幣億元
外銷訂單金額,10112,39392,百萬美元,11470,新臺幣億元
外銷訂單金額,10201,37137,百萬美元,10838,新臺幣億元
外銷訂單金額,10202,29039,百萬美元,8614,新臺幣億元
外銷訂單金額,10203,35839,百萬美元,10679,新臺幣億元
外銷訂單金額,10204,35688,百萬美元,10664,新臺幣億元
外銷訂單金額,10205,36328,百萬美元,10858,新臺幣億元
外銷訂單金額,10206,35094,百萬美元,10559,新臺幣億元
外銷訂單金額,10207,36116,百萬美元,10850,新臺幣億元
外銷訂單金額,10208,36319,百萬美元,10906,新臺幣億元
外銷訂單金額,10209,38419,百萬美元,11442,新臺幣億元
外銷訂單金額,10210,39591,百萬美元,11676,新臺幣億元
外銷訂單金額,10211,41046,百萬美元,12145,新臺幣億元
外銷訂單金額,10212,42313,百萬美元,12615,新臺幣億元
外銷訂單金額,10301,36109,百萬美元,10928,新臺幣億元
外銷訂單金額,10302,30706,百萬美元,9328,新臺幣億元
外銷訂單金額,10303,37940,百萬美元,11551,新臺幣億元
外銷訂單金額,10304,38868,百萬美元,11765,新臺幣億元
外銷訂單金額,10305,38018,百萬美元,11473,新臺幣億元
外銷訂單金額,10306,38817,百萬美元,11662,新臺幣億元
外銷訂單金額,10307,38182,百萬美元,11455,新臺幣億元
外銷訂單金額,10308,38210,百萬美元,11477,新臺幣億元
外銷訂單金額,10309,43313,百萬美元,13061,新臺幣億元
外銷訂單金額,10310,44911,百萬美元,13667,新臺幣億元
外銷訂單金額,10311,43512,百萬美元,13399,新臺幣億元
外銷訂單金額,10312,44228,百萬美元,13910,新臺幣億元
外銷訂單金額,10401,39038,百萬美元,12369,新臺幣億元
外銷訂單金額,10402,29890,百萬美元,9435,新臺幣億元
外銷訂單金額,10403,38427,百萬美元,12114,新臺幣億元
外銷訂單金額,10404,37318,百萬美元,11617,新臺幣億元
外銷訂單金額,10405,35793,百萬美元,10994,新臺幣億元
外銷訂單金額,10406,36582,百萬美元,11382,新臺幣億元
外銷訂單金額,10407,36287,百萬美元,11373,新臺幣億元
外銷訂單金額,10408,35026,百萬美元,11344,新臺幣億元
外銷訂單金額,10409,41345,百萬美元,13598,新臺幣億元
外銷訂單金額,10410,42548,百萬美元,13925,新臺幣億元
外銷訂單金額,10411,40755,百萬美元,13368,新臺幣億元
外銷訂單金額,10412,38805,百萬美元,12808,新臺幣億元
外銷訂單金額,10501,34186,百萬美元,11502,新臺幣億元
外銷訂單金額,10502,27669,百萬美元,9284,新臺幣億元
外銷訂單金額,10503,36625,百萬美元,12033,新臺幣億元
外銷訂單金額,10504,33159,百萬美元,10729,新臺幣億元
外銷訂單金額,10505,33729,百萬美元,10986,新臺幣億元
外銷訂單金額,10506,35704,百萬美元,11568,新臺幣億元
外銷訂單金額,10507,35035,百萬美元,11255,新臺幣億元
外銷訂單金額,10508,37927,百萬美元,11976,新臺幣億元
外銷訂單金額,10509,42962,百萬美元,13526,新臺幣億元
外銷訂單金額,10510,42683,百萬美元,13476,新臺幣億元
外銷訂單金額,10511,43620,百萬美元,13853,新臺幣億元
外銷訂單金額,10512,41237,百萬美元,13201,新臺幣億元
外銷訂單金額,10601,35969,百萬美元,11417,新臺幣億元
外銷訂單金額,10602,33753,百萬美元,10429,新臺幣億元
外銷訂單金額,10603,41124,百萬美元,12607,新臺幣億元
外銷訂單金額,10604,35614,百萬美元,10823,新臺幣億元
外銷訂單金額,10605,36813,百萬美元,11101,新臺幣億元
外銷訂單金額,10606,40353,百萬美元,12213,新臺幣億元
外銷訂單金額,10607,38721,百萬美元,11785,新臺幣億元
外銷訂單金額,10608,40778,百萬美元,12341,新臺幣億元
外銷訂單金額,10609,45921,百萬美元,13845,新臺幣億元
外銷訂單金額,10610,46601,百萬美元,14101,新臺幣億元
外銷訂單金額,10611,48689,百萬美元,14660,新臺幣億元
外銷訂單金額,10612,48471,百萬美元,14533,新臺幣億元
外銷訂單金額,10701,43063,百萬美元,12678,新臺幣億元
外銷訂單金額,10702,32454,百萬美元,9512,新臺幣億元
外銷訂單金額,10703,42383,百萬美元,12382,新臺幣億元
外銷訂單金額,10704,39111,百萬美元,11496,新臺幣億元
外銷訂單金額,10705,41112,百萬美元,12284,新臺幣億元
外銷訂單金額,10706,40314,百萬美元,12127,新臺幣億元
外銷訂單金額,10707,41799,百萬美元,12776,新臺幣億元
外銷訂單金額,10708,43676,百萬美元,13421,新臺幣億元
外銷訂單金額,10709,47858,百萬美元,14719,新臺幣億元
外銷訂單金額,10710,48986,百萬美元,15139,新臺幣億元
外銷訂單金額,10711,47684,百萬美元,14714,新臺幣億元
外銷訂單金額,10712,43382,百萬美元,13373,新臺幣億元
外銷訂單金額,10801,40535,百萬美元,12497,新臺幣億元
外銷訂單金額,10802,28948,百萬美元,8921,新臺幣億元
外銷訂單金額,10803,38631,百萬美元,11920,新臺幣億元
外銷訂單金額,10804,37709,百萬美元,11637,新臺幣億元
外銷訂單金額,10805,38760,百萬美元,12111,新臺幣億元
外銷訂單金額,10806,38537,百萬美元,12076,新臺幣億元
外銷訂單金額,10807,40566,百萬美元,12611,新臺幣億元
外銷訂單金額,10808,40083,百萬美元,12591,新臺幣億元
外銷訂單金額,10809,45559,百萬美元,14188,新臺幣億元
外銷訂單金額,10810,47312,百萬美元,14539,新臺幣億元
外銷訂單金額,10811,44567,百萬美元,13584,新臺幣億元
外銷訂單金額,10812,43817,百萬美元,13287,新臺幣億元
外銷訂單金額,10901,35365,百萬美元,10626,新臺幣億元
外銷訂單金額,10902,28740,百萬美元,8677,新臺幣億元
外銷訂單金額,10903,40321,百萬美元,12179,新臺幣億元
外銷訂單金額,10904,38586,百萬美元,11610,新臺幣億元
外銷訂單金額,10905,38947,百萬美元,11667,新臺幣億元
外銷訂單金額,10906,41048,百萬美元,12212,新臺幣億元
外銷訂單金額,10907,45615,百萬美元,13485,新臺幣億元
外銷訂單金額,10908,45534,百萬美元,13442,新臺幣億元
外銷訂單金額,10909,50071,百萬美元,14700,新臺幣億元
外銷訂單金額,10910,51637,百萬美元,14940,新臺幣億元
外銷訂單金額,10911,57834,百萬美元,16682,新臺幣億元
外銷訂單金額,10912,60603,百萬美元,17296,新臺幣億元
外銷訂單金額,11001,52775,百萬美元,15005,新臺幣億元
外銷訂單金額,11002,42663,百萬美元,12095,新臺幣億元
外銷訂單金額,11003,53723,百萬美元,15249,新臺幣億元
外銷訂單金額,11004,54998,百萬美元,15541,新臺幣億元
外銷訂單金額,11005,52364,百萬美元,14620,新臺幣億元
外銷訂單金額,11006,53812,百萬美元,14958,新臺幣億元
外銷訂單金額,11007,55388,百萬美元,15509,新臺幣億元
外銷訂單金額,11008,53607,百萬美元,14945,新臺幣億元
外銷訂單金額,11009,63020,百萬美元,17480,新臺幣億元
外銷訂單金額,11010,59228,百萬美元,16552,新臺幣億元
外銷訂單金額,11011,65670,百萬美元,18268,新臺幣億元
外銷訂單金額,11012,68022,百萬美元,18884,新臺幣億元
外銷訂單金額,11101,58956,百萬美元,16318,新臺幣億元
外銷訂單金額,11102,51666,百萬美元,14405,新臺幣億元
外銷訂單金額,11103,62801,百萬美元,17861,新臺幣億元
外銷訂單金額,11104,52054,百萬美元,15173,新臺幣億元
外銷訂單金額,11105,55583,百萬美元,16451,新臺幣億元
外銷訂單金額,11106,59009,百萬美元,17486,新臺幣億元
外銷訂單金額,11107,54430,百萬美元,16256,新臺幣億元
外銷訂單金額,11108,54761,百萬美元,16477,新臺幣億元
外銷訂單金額,11109,61107,百萬美元,19091,新臺幣億元
外銷訂單金額,11110,55576,百萬美元,17767,新臺幣億元
外銷訂單金額,11111,50309,百萬美元,15828,新臺幣億元
外銷訂單金額,11112,52327,百萬美元,16049,新臺幣億元
外銷訂單金額,11201,47702,百萬美元,14527,新臺幣億元
外銷訂單金額,11202,42290,百萬美元,12763,新臺幣億元
外銷訂單金額,11203,46759,百萬美元,14289,新臺幣億元
外銷訂單金額,11204,42653,百萬美元,13039,新臺幣億元
外銷訂單金額,11205,45810,百萬美元,14079,新臺幣億元
外銷訂單金額,11206,44297,百萬美元,13654,新臺幣億元
外銷訂單金額,11207,47846,百萬美元,14929,新臺幣億元
外銷訂單金額,11208,46146,百萬美元,14688,新臺幣億元
外銷訂單金額,11209,51484,百萬美元,16491,新臺幣億元
外銷訂單金額,11210,52945,百萬美元,17102,新臺幣億元
外銷訂單金額,11211,50713,百萬美元,16190,新臺幣億元
外銷訂單金額,11212,43886,百萬美元,13729,新臺幣億元
外銷訂單金額,11301,48494,百萬美元,15140,新臺幣億元
外銷訂單金額,11302,37804,百萬美元,11885,新臺幣億元
外銷訂單金額,11303,47229,百萬美元,14966,新臺幣億元
外銷訂單金額,11304,47166,百萬美元,15259,新臺幣億元
外銷訂單金額,11305,48957,百萬美元,15825,新臺幣億元
外銷訂單金額,11306,45626,百萬美元,14777,新臺幣億元
外銷訂單金額,11307,50103,百萬美元,16359,新臺幣億元
外銷訂單金額,11308,50286,百萬美元,16225,新臺幣億元
外銷訂單金額,11309,53862,百萬美元,17223,新臺幣億元
外銷訂單金額,11310,55529,百萬美元,17821,新臺幣億元
外銷訂單金額,11311,52341,百萬美元,16940,新臺幣億元
外銷訂單金額,11312,52992,百萬美元,17261,新臺幣億元
外銷訂單金額,11401,48035,百萬美元,15794,新臺幣億元
外銷訂單金額,11402,51611,百萬美元,16932,新臺幣億元
外銷訂單金額,11403,54922,百萬美元,18115,新臺幣億元
外銷訂單金額,11404,59060,百萬美元,19277,新臺幣億元
外銷訂單金額,11405,60781,百萬美元,18360,新臺幣億元
外銷訂單金額,11406,59753,百萬美元,17743,新臺幣億元
外銷訂單金額,11407,60511,百萬美元,17744,新臺幣億元
外銷訂單金額,11408,60084,百萬美元,18133,新臺幣億元
外銷訂單金額,11409,70341,百萬美元,21377,新臺幣億元
外銷訂單金額,11410,69434,百萬美元,21270,新臺幣億元
外銷訂單金額,11411,72999,百萬美元,22754,新臺幣億元
外銷訂單金額,11412,76198,百萬美元,23919,新臺幣億元
外銷訂單金額,11501,76907,百萬美元,24257,新臺幣億元
外銷訂單金額,11502,63877,百萬美元,20128,新臺幣億元
外銷訂單金額,11503,91125,百萬美元,29026,新臺幣億元
外銷訂單金額,11504,87449,百萬美元,27689,新臺幣億元
外銷訂單金額,11505,89475,百萬美元,28192,新臺幣億元
外銷訂單金額,11506,95262,百萬美元,30120,新臺幣億元
外銷訂單金額,11507,97939,百萬美元,31543,新臺幣億元
